src,dst
203.23.178.57,192.168.0.104
192.168.0.104,106.51.42.57
192.168.0.104,118.214.47.125
192.168.0.104,140.82.113.25
192.168.0.101,239.255.255.250
192.168.0.104,172.217.167.163
192.168.0.104,192.168.0.1
192.168.0.104,172.217.166.163
192.168.0.104,172.217.194.188
52.48.60.53,192.168.0.104
192.168.0.104,34.237.73.95
192.168.0.104,18.161.214.157
192.168.0.104,54.163.176.62
192.168.0.104,74.125.24.101
192.168.0.104,172.217.31.195
192.168.0.104,142.250.196.163
192.168.0.104,142.250.183.234
192.168.0.104,142.250.195.174
192.168.0.104,142.251.12.188
192.168.0.1,239.255.255.250
192.168.0.104,216.58.200.150
192.168.0.104,239.255.255.250
192.168.0.101,192.168.0.104
192.168.0.100,192.168.0.104
192.168.0.104,142.250.182.42
192.168.0.104,104.18.4.158
192.168.0.104,104.19.147.8
192.168.0.104,141.202.0.1
192.168.0.104,117.18.237.29
192.168.0.104,142.250.196.67
192.168.0.104,104.17.240.92
192.168.0.104,99.86.20.42
192.168.0.104,35.162.121.133
192.168.0.104,142.250.193.110
192.168.0.104,106.51.42.19
192.168.0.104,104.26.14.217
192.168.0.104,142.250.67.46
192.168.0.104,99.86.20.2
192.168.0.104,142.250.4.188
192.168.0.104,172.217.163.206
192.168.0.104,142.250.71.3
192.168.0.104,142.250.71.4
192.168.0.104,44.233.90.52
192.168.0.104,35.206.151.171
192.168.0.104,216.58.196.163
192.168.0.104,172.217.163.162
192.168.0.104,18.207.67.81
192.168.0.104,142.250.205.227
192.168.0.104,142.250.195.206
192.168.0.104,106.10.218.137
192.168.0.104,172.217.160.150
192.168.0.104,142.250.182.74
192.168.0.104,142.250.205.226
192.168.0.104,172.217.160.131
192.168.0.104,142.250.193.161
192.168.0.100,224.0.0.251
192.168.0.104,3.210.111.115
192.168.0.104,13.32.63.110
192.168.0.104,13.249.218.181
192.168.0.104,142.250.182.104
192.168.0.104,13.249.221.66
192.168.0.104,142.250.196.74
192.168.0.104,142.250.196.170
192.168.0.104,35.167.190.13
192.168.0.104,157.240.192.16
192.168.0.104,35.201.81.77
192.168.0.104,216.58.196.170
192.168.0.104,18.161.214.20
192.168.0.104,142.250.196.166
192.168.0.104,107.21.51.40
192.168.0.104,74.125.130.157
192.168.0.104,157.240.192.35
192.168.0.104,142.250.195.110
192.168.0.104,3.228.136.154
192.168.0.104,142.250.182.13
192.168.0.104,216.58.200.129
192.168.0.104,142.250.74.131
192.168.0.104,49.206.251.79
192.168.0.104,199.232.105.140
192.168.0.104,142.250.77.110
192.168.0.104,106.51.32.141
192.168.0.104,142.250.195.129
192.168.0.104,142.250.182.98
192.168.0.104,142.250.182.14
192.168.0.104,74.125.24.113
192.168.0.103,239.255.255.250
192.168.0.104,44.197.91.94
192.168.0.104,216.239.36.117
192.168.0.104,142.250.71.22
192.168.0.104,172.217.166.110
192.168.0.104,106.51.32.140
192.168.0.104,52.200.86.159
192.168.0.104,31.13.79.35
192.168.0.103,192.168.0.255
192.168.0.104,142.250.182.142
192.168.0.100,239.255.255.250
192.168.0.104,142.250.195.161
192.168.0.104,142.250.193.182
192.168.0.104,142.250.67.78
192.168.0.104,35.207.247.6
192.168.0.104,18.161.214.230
192.168.0.104,107.23.229.120
192.168.0.104,143.244.134.227
192.168.0.104,172.217.31.163
192.168.0.104,142.250.196.14
192.168.0.104,99.86.17.56
192.168.0.103,224.0.0.251
192.168.0.103,224.0.0.252
192.168.0.104,54.165.84.117
